name,email,plan,monthfghfghlyRevenue,subscriptionStartDate,lastActivity,companyName,phoneNumber
John Smith,john.smith@company.com,Basic,149,15/01/2023,30/05/2024,Acme Corp,-677
Jane Doe,jane.doe@startup.io,Enterprise,299,01/06/2022,29/05/2024,Startup Inc,-678
Mike Johnson,mike.j@techfirm.com,Basic,49,20/08/2023,28/05/2024,TechFirm LLC,-679
Keith Chegwin,,,0,02/06/2025,02/06/2025,Pulse,7530576557
John Beans,john.smith3@company.com,Basic,149,15/01/2023,30/05/2024,Acme Corp,-677
Jane Dung,jane.doe5@startup.io,Enterprise,299,01/06/2022,29/05/2024,Startup Inc,-678
Mike Wallop,mike.j3@techfirm.com,Basic,49,20/08/2023,28/05/2024,TechFirm LLC,-679
Keith Dinkleberry,,Free,0,02/06/2025,02/06/2025,Pulse,7530576557
Nigel Dinkleberry,keithdfdf.chegwin@gmail.com,Free,0,02/06/2025,02/06/2025,Pulse,7530576557
